{
    "project": "ellipsoid-experiments",
    "name": "test chamfer sample",
    "problem": "chamfersampled",
    "sqrt_m": 25,
    "seed": 42,
    "noise": 1e-4,
    "p": 1.6075,
    "initial_axes": [0.4, 0.6, 0.7],
    "initial_angles": [30,30,30],
    "target": {
      "radius": 0.6203504909,
      "m": 100
    },
    "view_mode": "angles",
    "view_angles": [
      [-90.0,    -90.0,     0.0],
      [180.0,     0.0,     90.0],
      [90.0,      0.0,      0.0],
      [-150.0,  -35.2643897,  45.0],
      [-30.0,   -35.2643897, -45.0],
      [150.0,    35.2643897,  45.0],
      [30.0,     35.2643897, -45.0],
      [150.0,    35.2643897,  45.0]
    ],
    "view_normals": [
      [1, 0, 0], 
      [0, 1, 0],       
      [0, 0, 1],       
      [1, 1, 1],
      [1, -1, 1], 
      [-1, 1, 1],
      [-1, -1, 1],
      [-1, 1, 1]
    ],
    "view_indices": [1,3,4,5,7],
    "training": {
      "n_iters": 100,
      "lr": 2e-1,
      "momentum": 0.8
    },
    "verbose": true,
    "vis": {
      "enabled": true,
      "frequency": 2,
      "backend": "mpl"
    },
    "wandb": true
  }
  