{
    "project": "ellipsoid-experiments",
    "name": "chamfer-boundary-default",
    "offline": true,
    "sqrt_m": 25,
    "seed": 42,
    "noise": 1e-4,
    "p": 1.6075,
    "initial_axes": [0.5, 0.6, 0.7],
    "initial_angles": [30, 40, 50],
    "target": {
      "radius": 0.620350490899,
      "m": 50
    },
    "view_mode": "angles",
    "view_angles": [
      [-90.0,    -90.0,     0.0],
      [180.0,     0.0,     90.0],
      [90.0,      0.0,      0.0],
      [-150.0,  -35.2643897,  45.0],
      [-30.0,   -35.2643897, -45.0],
      [150.0,    35.2643897,  45.0],
      [30.0,     35.2643897, -45.0],
      [150.0,    35.2643897,  45.0]
    ],
    "view_normals": [
      [1, 0, 0],
      [0, 1, 0],       
      [0, 0, 1],       
      [1, 1, 1],
      [1, -1, 1], 
      [-1, 1, 1],
      [-1, -1, 1],
      [-1, 1, 1]
    ],
    "view_indices": [0, 1],  
    "verbose": false,
    "vis": {
      "enabled": true,
      "frequency": 50,
      "backend": "mpl"
    }    
  }
  